{"cameraMode":{"drawMode":0,"name":"Shaded","section":"Shading Mode"},"sceneLighting":false,"audioPlay":false,"sceneViewState":{"showFog":true,"showMaterialUpdate":false,"showSkybox":false,"showFlares":true,"showImageEffects":true,"showParticleSystems":true},"in2DMode":false,"pivot":{"x":15.42449951171875,"y":-33.734344482421878,"z":-165.99722290039063},"rotation":{"x":0.03148970007896423,"y":0.01799006015062332,"z":-0.0005668686353601515,"w":0.9993427395820618},"size":1698.798583984375,"orthographic":true}