{"cameraMode":{"drawMode":0,"name":"Shaded","section":"Shading Mode"},"sceneLighting":true,"audioPlay":false,"sceneViewState":{"showFog":true,"showMaterialUpdate":false,"showSkybox":true,"showFlares":true,"showImageEffects":true,"showParticleSystems":true},"in2DMode":false,"pivot":{"x":-233.0426025390625,"y":189.16619873046876,"z":-33.363441467285159},"rotation":{"x":0.21948818862438203,"y":0.3451550006866455,"z":-0.08336855471134186,"w":0.9087055325508118},"size":5772.970703125,"orthographic":true}