{"cameraMode":{"drawMode":0,"name":"Shaded","section":"Shading Mode"},"sceneLighting":false,"audioPlay":false,"sceneViewState":{"showFog":true,"showMaterialUpdate":false,"showSkybox":false,"showFlares":true,"showImageEffects":true,"showParticleSystems":true},"in2DMode":false,"pivot":{"x":130.39395141601563,"y":-78.49160766601563,"z":3723.16748046875},"rotation":{"x":0.030767252668738366,"y":0.4535340964794159,"z":-0.015597266145050526,"w":0.8906404972076416},"size":533.0729370117188,"orthographic":true}