{"cameraMode":{"drawMode":0,"name":"Shaded","section":"Shading Mode"},"sceneLighting":true,"audioPlay":false,"sceneViewState":{"showFog":true,"showMaterialUpdate":false,"showSkybox":true,"showFlares":true,"showImageEffects":true,"showParticleSystems":true},"in2DMode":false,"pivot":{"x":-0.000030517578125,"y":335.591064453125,"z":-165.99722290039063},"rotation":{"x":0.21435725688934327,"y":-0.15888331830501557,"z":0.035393450409173968,"w":0.9631236791610718},"size":2925.846435546875,"orthographic":true}