{"cameraMode":{"drawMode":0,"name":"Shaded","section":"Shading Mode"},"sceneLighting":false,"audioPlay":false,"sceneViewState":{"showFog":true,"showMaterialUpdate":false,"showSkybox":false,"showFlares":true,"showImageEffects":true,"showParticleSystems":true},"in2DMode":false,"pivot":{"x":-55.94768524169922,"y":-74.55577087402344,"z":3646.033935546875},"rotation":{"x":-0.0105008939281106,"y":-0.000003588006393329124,"z":0.00006876869156258181,"w":1.0000114440917969},"size":518.5018920898438,"orthographic":true}