{"cameraMode":{"drawMode":0,"name":"Shaded","section":"Shading Mode"},"sceneLighting":true,"audioPlay":false,"sceneViewState":{"showFog":true,"showMaterialUpdate":false,"showSkybox":true,"showFlares":true,"showImageEffects":true,"showParticleSystems":true},"in2DMode":false,"pivot":{"x":15.424491882324219,"y":-92.06275939941406,"z":-165.99722290039063},"rotation":{"x":0.038949817419052127,"y":-0.04345454275608063,"z":0.0018190053524449468,"w":0.9983616471290588},"size":832.6600341796875,"orthographic":true}