{"cameraMode":{"drawMode":0,"name":"Shaded","section":"Shading Mode"},"sceneLighting":false,"audioPlay":false,"sceneViewState":{"showFog":true,"showMaterialUpdate":false,"showSkybox":false,"showFlares":true,"showImageEffects":true,"showParticleSystems":true},"in2DMode":false,"pivot":{"x":-47.496185302734378,"y":-25.999588012695314,"z":3743.0},"rotation":{"x":0.055471133440732959,"y":-0.011974104680120945,"z":0.0007851390982978046,"w":0.9984822273254395},"size":1588.425048828125,"orthographic":true}