{"cameraMode":{"drawMode":0,"name":"Shaded","section":"Shading Mode"},"sceneLighting":false,"audioPlay":false,"sceneViewState":{"showFog":true,"showMaterialUpdate":false,"showSkybox":false,"showFlares":true,"showImageEffects":true,"showParticleSystems":true},"in2DMode":false,"pivot":{"x":-45.28094482421875,"y":-25.999908447265626,"z":3743.0},"rotation":{"x":0.06439641118049622,"y":-0.04189775511622429,"z":0.0028534710872918369,"w":0.9971160888671875},"size":1569.845703125,"orthographic":true}