{"cameraMode":{"drawMode":0,"name":"Shaded","section":"Shading Mode"},"sceneLighting":false,"audioPlay":false,"sceneViewState":{"showFog":true,"showMaterialUpdate":false,"showSkybox":false,"showFlares":true,"showImageEffects":true,"showParticleSystems":true},"in2DMode":false,"pivot":{"x":-55.94768524169922,"y":-74.55577087402344,"z":3646.033935546875},"rotation":{"x":0.009000158868730069,"y":0.0014965792652219535,"z":0.00004128497312194668,"w":1.0000243186950684},"size":475.0941162109375,"orthographic":true}